[
  {
    "description": "Scalar members",
    "metadata": {
      "protocol": "query",
      "apiVersion": "2014-01-01"
    },
    "shapes": {
      "InputShape": {
        "type": "structure",
        "members": {
          "Foo": {
            "shape": "StringType"
          },
          "Bar": {
            "shape": "StringType"
          }
        }
      },
      "StringType": {
        "type": "string"
      }
    },
    "cases": [
      {
        "given": {
          "input": {
            "shape": "InputShape"
          },
          "name": "OperationName"
        },
        "params": {
          "Foo": "val1",
          "Bar": "val2"
        },
        "serialized": {
          "uri": "/",
          "body": "Action=OperationName&Version=2014-01-01&Foo=val1&Bar=val2"
        }
      }
    ]
  },
  {
    "description": "Nested structure members",
    "metadata": {
      "protocol": "query",
      "apiVersion": "2014-01-01"
    },
    "shapes": {
      "InputShape": {
        "type": "structure",
        "members": {
          "StructArg": {
            "shape": "StructType"
          }
        }
      },
      "StructType": {
        "type": "structure",
        "members": {
          "ScalarArg": {
            "shape": "StringType"
          }
        }
      },
      "StringType": {
        "type": "string"
      }
    },
    "cases": [
      {
        "given": {
          "input": {
            "shape": "InputShape"
          },
          "name": "OperationName"
        },
        "params": {
          "StructArg": {
            "ScalarArg": "foo"
          }
        },
        "serialized": {
          "uri": "/",
          "body": "Action=OperationName&Version=2014-01-01&StructArg.ScalarArg=foo"
        }
      }
    ]
  },
  {
    "description": "List types",
    "metadata": {
      "protocol": "query",
      "apiVersion": "2014-01-01"
    },
    "shapes": {
      "InputShape": {
        "type": "structure",
        "members": {
          "ListArg": {
            "shape": "ListType"
          }
        }
      },
      "ListType": {
        "type": "list",
        "member": {
          "shape": "Strings"
        }
      },
      "Strings": {
        "type": "string"
      }
    },
    "cases": [
      {
        "given": {
          "input": {
            "shape": "InputShape"
          },
          "name": "OperationName"
        },
        "params": {
          "ListArg": [
            "foo",
            "bar",
            "baz"
          ]
        },
        "serialized": {
          "uri": "/",
          "body": "Action=OperationName&Version=2014-01-01&ListArg.member.1=foo&ListArg.member.2=bar&ListArg.member.3=baz"
        }
      }
    ]
  },
  {
    "description": "Flattened list",
    "metadata": {
      "protocol": "query",
      "apiVersion": "2014-01-01"
    },
    "shapes": {
      "InputShape": {
        "type": "structure",
        "members": {
          "ScalarArg": {
            "shape": "StringType"
          },
          "ListArg": {
            "shape": "ListType"
          }
        }
      },
      "ListType": {
        "type": "list",
        "member": {
          "shape": "StringType"
        },
        "flattened": true
      },
      "StringType": {
        "type": "string"
      }
    },
    "cases": [
      {
        "given": {
          "input": {
            "shape": "InputShape"
          },
          "name": "OperationName"
        },
        "params": {
          "ScalarArg": "foo",
          "ListArg": [
            "a",
            "b",
            "c"
          ]
        },
        "serialized": {
          "uri": "/",
          "body": "Action=OperationName&Version=2014-01-01&ScalarArg=foo&ListArg.1=a&ListArg.2=b&ListArg.3=c"
        }
      }
    ]
  },
  {
    "description": "Serialize map type",
    "metadata": {
      "protocol": "query",
      "apiVersion": "2014-01-01"
    },
    "shapes": {
      "InputShape": {
        "type": "structure",
        "members": {
          "MapArg": {
            "shape": "StringMap"
          }
        }
      },
      "StringMap": {
        "type": "map",
        "key": {
          "shape": "StringType"
        },
        "value": {
          "shape": "StringType"
        }
      },
      "StringType": {
        "type": "string"
      }
    },
    "cases": [
      {
        "given": {
          "input": {
            "shape": "InputShape"
          },
          "name": "OperationName"
        },
        "params": {
          "MapArg": {
            "key1": "val1",
            "key2": "val2"
          }
        },
        "serialized": {
          "uri": "/",
          "body": "Action=OperationName&Version=2014-01-01&MapArg.entry.1.key=key1&MapArg.entry.1.value=val1&MapArg.entry.2.key=key2&MapArg.entry.2.value=val2"
        }
      }
    ]
  },
  {
    "description": "Base64 encoded Blobs",
    "metadata": {
      "protocol": "query",
      "apiVersion": "2014-01-01"
    },
    "shapes": {
      "InputShape": {
        "type": "structure",
        "members": {
          "BlobArg": {
            "shape": "BlobType"
          }
        }
      },
      "BlobType": {
        "type": "blob"
      }
    },
    "cases": [
      {
        "given": {
          "input": {
            "shape": "InputShape"
          },
          "name": "OperationName"
        },
        "params": {
          "BlobArg": "foo"
        },
        "serialized": {
          "uri": "/",
          "body": "Action=OperationName&Version=2014-01-01&BlobArg=Zm9v"
        }
      }
    ]
  },
  {
    "description": "Timestamp values",
    "metadata": {
      "protocol": "query",
      "apiVersion": "2014-01-01",
      "timestampFormat": "iso8601"
    },
    "shapes": {
      "InputShape": {
        "type": "structure",
        "members": {
          "TimeArg": {
            "shape": "TimestampType"
          },
          "TimeArg2": {
            "shape": "TimestampType2"
          }
        }
      },
      "TimestampType": {
        "type": "timestamp"
      },
      "TimestampType2": {
        "type": "timestamp",
        "timestampFormat": "unixTimestamp"
      }
    },
    "cases": [
      {
        "given": {
          "input": {
            "shape": "InputShape"
          },
          "name": "OperationName"
        },
        "params": {
          "TimeArg": 1422172800
        },
        "serialized": {
          "uri": "/",
          "body": "Action=OperationName&Version=2014-01-01&TimeArg=2015-01-25T08%3A00%3A00Z"
        }
      },
      {
        "given": {
          "input": {
            "shape": "InputShape"
          },
          "name": "OperationName"
        },
        "params": {
          "TimeArg2": 1422172800
        },
        "serialized": {
          "uri": "/",
          "body": "Action=OperationName&Version=2014-01-01&TimeArg2=1422172800"
        }
      }
    ]
  },
  {
    "description": "Recursive shapes",
    "metadata": {
      "protocol": "query",
      "apiVersion": "2014-01-01"
    },
    "shapes": {
      "InputShape": {
        "type": "structure",
        "members": {
          "RecursiveStruct": {
            "shape": "RecursiveStructType"
          }
        }
      },
      "RecursiveStructType": {
        "type": "structure",
        "members": {
          "NoRecurse": {
            "shape": "StringType"
          },
          "RecursiveStruct": {
            "shape": "RecursiveStructType"
          },
          "RecursiveList": {
            "shape": "RecursiveListType"
          },
          "RecursiveMap": {
            "shape": "RecursiveMapType"
          }
        }
      },
      "RecursiveListType": {
        "type": "list",
        "member": {
          "shape": "RecursiveStructType"
        }
      },
      "RecursiveMapType": {
        "type": "map",
        "key": {
          "shape": "StringType"
        },
        "value": {
          "shape": "RecursiveStructType"
        }
      },
      "StringType": {
        "type": "string"
      }
    },
    "cases": [
      {
        "given": {
          "input": {
            "shape": "InputShape"
          },
          "name": "OperationName"
        },
        "params": {
          "RecursiveStruct": {
            "NoRecurse": "foo"
          }
        },
        "serialized": {
          "uri": "/",
          "body": "Action=OperationName&Version=2014-01-01&RecursiveStruct.NoRecurse=foo"
        }
      },
      {
        "given": {
          "input": {
            "shape": "InputShape"
          },
          "name": "OperationName"
        },
        "params": {
          "RecursiveStruct": {
            "RecursiveStruct": {
              "NoRecurse": "foo"
            }
          }
        },
        "serialized": {
          "uri": "/",
          "body": "Action=OperationName&Version=2014-01-01&RecursiveStruct.RecursiveStruct.NoRecurse=foo"
        }
      },
      {
        "given": {
          "input": {
            "shape": "InputShape"
          },
          "name": "OperationName"
        },
        "params": {
          "RecursiveStruct": {
            "RecursiveStruct": {
              "RecursiveStruct": {
                "RecursiveStruct": {
                  "NoRecurse": "foo"
                }
              }
            }
          }
        },
        "serialized": {
          "uri": "/",
          "body": "Action=OperationName&Version=2014-01-01&RecursiveStruct.RecursiveStruct.RecursiveStruct.RecursiveStruct.NoRecurse=foo"
        }
      },
      {
        "given": {
          "input": {
            "shape": "InputShape"
          },
          "name": "OperationName"
        },
        "params": {
          "RecursiveStruct": {
            "RecursiveList": [
              {
                "NoRecurse": "foo"
              },
              {
                "NoRecurse": "bar"
              }
            ]
          }
        },
        "serialized": {
          "uri": "/",
          "body": "Action=OperationName&Version=2014-01-01&RecursiveStruct.RecursiveList.member.1.NoRecurse=foo&RecursiveStruct.RecursiveList.member.2.NoRecurse=bar"
        }
      },
      {
        "given": {
          "input": {
            "shape": "InputShape"
          },
          "name": "OperationName"
        },
        "params": {
          "RecursiveStruct": {
            "RecursiveList": [
              {
                "NoRecurse": "foo"
              },
              {
                "RecursiveStruct": {
                  "NoRecurse": "bar"
                }
              }
            ]
          }
        },
        "serialized": {
          "uri": "/",
          "body": "Action=OperationName&Version=2014-01-01&RecursiveStruct.RecursiveList.member.1.NoRecurse=foo&RecursiveStruct.RecursiveList.member.2.RecursiveStruct.NoRecurse=bar"
        }
      },
      {
        "given": {
          "input": {
            "shape": "InputShape"
          },
          "name": "OperationName"
        },
        "params": {
          "RecursiveStruct": {
            "RecursiveMap": {
              "foo": {
                "NoRecurse": "foo"
              },
              "bar": {
                "NoRecurse": "bar"
              }
            }
          }
        },
        "serialized": {
          "uri": "/",
          "body": "Action=OperationName&Version=2014-01-01&RecursiveStruct.RecursiveMap.entry.2.key=foo&RecursiveStruct.RecursiveMap.entry.2.value.NoRecurse=foo&RecursiveStruct.RecursiveMap.entry.1.key=bar&RecursiveStruct.RecursiveMap.entry.1.value.NoRecurse=bar"
        }
      }
    ]
  }
]
