[
  {
    "description": "Scalar members",
    "metadata": {
      "protocol": "query"
    },
    "shapes": {
      "OutputShape": {
        "type": "structure",
        "resultWrapper": "OperationNameResult",
        "members": {
          "Str": {
            "shape": "StringType"
          },
          "Num": {
            "shape": "IntegerType",
            "locationName": "FooNum"
          },
          "FalseBool": {
            "shape": "BooleanType"
          },
          "TrueBool": {
            "shape": "BooleanType"
          },
          "Float": {
            "shape": "FloatType"
          },
          "Double": {
            "shape": "DoubleType"
          },
          "Long": {
            "shape": "LongType"
          },
          "Char": {
            "shape": "CharType"
          }
        }
      },
      "StringType": {
        "type": "string"
      },
      "IntegerType": {
        "type": "integer"
      },
      "BooleanType": {
        "type": "boolean"
      },
      "FloatType": {
        "type": "float"
      },
      "DoubleType": {
        "type": "double"
      },
      "LongType": {
        "type": "long"
      },
      "CharType": {
        "type": "character"
      }
    },
    "cases": [
      {
        "given": {
          "output": {
            "shape": "OutputShape"
          },
          "name": "OperationName"
        },
        "result": {
          "Str": "myname",
          "Num": 123,
          "FalseBool": false,
          "TrueBool": true,
          "Float": 1.2,
          "Double": 1.3,
          "Long": 200,
          "Char": "a"
        },
        "response": {
          "status_code": 200,
          "headers": {},
          "body": "<OperationNameResponse><OperationNameResult><Str>myname</Str><FooNum>123</FooNum><FalseBool>false</FalseBool><TrueBool>true</TrueBool><Float>1.2</Float><Double>1.3</Double><Long>200</Long><Char>a</Char></OperationNameResult><ResponseMetadata><RequestId>request-id</RequestId></ResponseMetadata></OperationNameResponse>"
        }
      }
    ]
  },
  {
    "description": "Not all members in response",
    "metadata": {
      "protocol": "query"
    },
    "shapes": {
      "OutputShape": {
        "type": "structure",
        "resultWrapper": "OperationNameResult",
        "members": {
          "Str": {
            "shape": "StringType"
          },
          "Num": {
            "shape": "IntegerType"
          }
        }
      },
      "StringType": {
        "type": "string"
      },
      "IntegerType": {
        "type": "integer"
      }
    },
    "cases": [
      {
        "given": {
          "output": {
            "shape": "OutputShape"
          },
          "name": "OperationName"
        },
        "result": {
          "Str": "myname"
        },
        "response": {
          "status_code": 200,
          "headers": {},
          "body": "<OperationNameResponse><OperationNameResult><Str>myname</Str></OperationNameResult><ResponseMetadata><RequestId>request-id</RequestId></ResponseMetadata></OperationNameResponse>"
        }
      }
    ]
  },
  {
    "description": "Custom result wrapper",
    "metadata": {
      "protocol": "query"
    },
    "shapes": {
      "OutputShape": {
        "type": "structure",
        "resultWrapper": "Wrapper",
        "members": {
          "Str": {
            "shape": "StringType"
          }
        }
      },
      "StringType": {
        "type": "string"
      }
    },
    "cases": [
      {
        "given": {
          "output": {
            "shape": "OutputShape"
          },
          "name": "OperationName"
        },
        "result": {
          "Str": "myname"
        },
        "response": {
          "status_code": 200,
          "headers": {},
          "body": "<OperationNameResponse><Wrapper><Str>myname</Str></Wrapper><ResponseMetadata><RequestId>request-id</RequestId></ResponseMetadata></OperationNameResponse>"
        }
      }
    ]
  },
  {
    "description": "Blob",
    "metadata": {
      "protocol": "query"
    },
    "shapes": {
      "OutputShape": {
        "resultWrapper": "OperationNameResult",
        "type": "structure",
        "members": {
          "Blob": {
            "shape": "BlobType"
          }
        }
      },
      "BlobType": {
        "type": "blob"
      }
    },
    "cases": [
      {
        "given": {
          "output": {
            "shape": "OutputShape"
          },
          "name": "OperationName"
        },
        "result": {
          "Blob": "value"
        },
        "response": {
          "status_code": 200,
          "headers": {},
          "body": "<OperationNameResponse><OperationNameResult><Blob>dmFsdWU=</Blob></OperationNameResult><ResponseMetadata><RequestId>requestid</RequestId></ResponseMetadata></OperationNameResponse>"
        }
      }
    ]
  },
  {
    "description": "Lists",
    "metadata": {
      "protocol": "query"
    },
    "shapes": {
      "OutputShape": {
        "type": "structure",
        "resultWrapper": "OperationNameResult",
        "members": {
          "ListMember": {
            "shape": "ListShape"
          }
        }
      },
      "ListShape": {
        "type": "list",
        "member": {
          "shape": "StringType"
        }
      },
      "StringType": {
        "type": "string"
      }
    },
    "cases": [
      {
        "given": {
          "output": {
            "shape": "OutputShape"
          },
          "name": "OperationName"
        },
        "result": {
          "ListMember": ["abc", "123"]
        },
        "response": {
          "status_code": 200,
          "headers": {},
          "body": "<OperationNameResponse><OperationNameResult><ListMember><member>abc</member><member>123</member></ListMember></OperationNameResult><ResponseMetadata><RequestId>requestid</RequestId></ResponseMetadata></OperationNameResponse>"
        }
      }
    ]
  },
  {
    "description": "List with custom member name",
    "metadata": {
      "protocol": "query"
    },
    "shapes": {
      "OutputShape": {
        "type": "structure",
        "resultWrapper": "OperationNameResult",
        "members": {
          "ListMember": {
            "shape": "ListShape"
          }
        }
      },
      "ListShape": {
        "type": "list",
        "member": {
          "shape": "StringType",
          "locationName": "item"
        }
      },
      "StringType": {
        "type": "string"
      }
    },
    "cases": [
      {
        "given": {
          "output": {
            "shape": "OutputShape"
          },
          "name": "OperationName"
        },
        "result": {
          "ListMember": ["abc", "123"]
        },
        "response": {
          "status_code": 200,
          "headers": {},
          "body": "<OperationNameResponse><OperationNameResult><ListMember><item>abc</item><item>123</item></ListMember></OperationNameResult><ResponseMetadata><RequestId>requestid</RequestId></ResponseMetadata></OperationNameResponse>"
        }
      }
    ]
  },
  {
    "description": "Flattened List",
    "metadata": {
      "protocol": "query"
    },
    "shapes": {
      "OutputShape": {
        "type": "structure",
        "resultWrapper": "OperationNameResult",
        "members": {
          "ListMember": {
            "shape": "ListType"
          }
        }
      },
      "ListType": {
        "type": "list",
        "flattened": true,
        "member": {
          "shape": "StringType"
        }
      },
      "StringType": {
        "type": "string"
      }
    },
    "cases": [
      {
        "given": {
          "output": {
            "shape": "OutputShape"
          },
          "name": "OperationName"
        },
        "result": {
          "ListMember": ["abc", "123"]
        },
        "response": {
          "status_code": 200,
          "headers": {},
          "body": "<OperationNameResponse><OperationNameResult><ListMember>abc</ListMember><ListMember>123</ListMember></OperationNameResult><ResponseMetadata><RequestId>requestid</RequestId></ResponseMetadata></OperationNameResponse>"
        }
      }
    ]
  },
  {
    "description": "Normal map",
    "metadata": {
      "protocol": "query"
    },
    "shapes": {
      "OutputShape": {
        "type": "structure",
        "resultWrapper": "OperationNameResult",
        "members": {
          "Map": {
            "shape": "StringMap"
          }
        }
      },
      "StringMap": {
        "type": "map",
        "key": {
            "shape": "StringType"
        },
        "value": {
            "shape": "StructType"
        }
      },
      "StringType": {
        "type": "string"
      },
      "StructType": {
        "type": "structure",
        "members": {
          "foo": {
            "shape": "StringType"
          }
        }
      }
    },
    "cases": [
      {
        "given": {
          "output": {
            "shape": "OutputShape"
          },
          "name": "OperationName"
        },
        "result": {
          "Map": {
            "qux": {
              "foo": "bar"
            },
            "baz": {
              "foo": "bam"
            }
          }
        },
        "response": {
          "status_code": 200,
          "headers": {},
          "body": "<OperationNameResponse><OperationNameResult><Map><entry><key>qux</key><value><foo>bar</foo></value></entry><entry><key>baz</key><value><foo>bam</foo></value></entry></Map></OperationNameResult><ResponseMetadata><RequestId>requestid</RequestId></ResponseMetadata></OperationNameResponse>"
        }
      }
    ]
  },
  {
    "description": "Flattened map",
    "metadata": {
      "protocol": "query"
    },
    "shapes": {
      "OutputShape": {
        "type": "structure",
        "resultWrapper": "OperationNameResult",
        "members": {
          "Map": {
            "shape": "StringMap",
            "flattened": true
          }
        }
      },
      "StringMap": {
        "type": "map",
        "key": {
            "shape": "StringType"
        },
        "value": {
            "shape": "StringType"
        }
      },
      "StringType": {
        "type": "string"
      }
    },
    "cases": [
      {
        "given": {
          "output": {
            "shape": "OutputShape"
          },
          "name": "OperationName"
        },
        "result": {
          "Map": {
            "qux": "bar",
            "baz": "bam"
          }
        },
        "response": {
          "status_code": 200,
          "headers": {},
          "body": "<OperationNameResponse><OperationNameResult><Map><key>qux</key><value>bar</value></Map><Map><key>baz</key><value>bam</value></Map></OperationNameResult><ResponseMetadata><RequestId>requestid</RequestId></ResponseMetadata></OperationNameResponse>"
        }
      }
    ]
  },
  {
    "description": "Named map",
    "metadata": {
      "protocol": "query"
    },
    "shapes": {
      "OutputShape": {
        "type": "structure",
        "resultWrapper": "OperationNameResult",
        "members": {
          "Map": {
            "shape": "MapType"
          }
        }
      },
      "MapType": {
        "type": "map",
        "flattened": true,
        "key": {
          "locationName": "foo",
          "shape": "StringType"
        },
        "value": {
          "locationName": "bar",
          "shape": "StringType"
        }
      },
      "StringType": {
        "type": "string"
      }
    },
    "cases": [
      {
        "given": {
          "output": {
            "shape": "OutputShape"
          },
          "name": "OperationName"
        },
        "result": {
          "Map": {
            "qux": "bar",
            "baz": "bam"
          }
        },
        "response": {
          "status_code": 200,
          "headers": {},
          "body": "<OperationNameResponse><OperationNameResult><Map><foo>qux</foo><bar>bar</bar></Map><Map><foo>baz</foo><bar>bam</bar></Map></OperationNameResult><ResponseMetadata><RequestId>requestid</RequestId></ResponseMetadata></OperationNameResponse>"
        }
      }
    ]
  }
]
