[
  {
    "description": "URI parameter only with no location name",
    "metadata": {
      "protocol": "rest-json",
      "apiVersion": "2014-01-01"
    },
    "shapes": {
      "InputShape": {
        "type": "structure",
        "members": {
          "PipelineId": {
            "shape": "StringType",
            "location": "uri"
          }
        }
      },
      "StringType": {
        "type": "string"
      }
    },
    "cases": [
      {
        "given": {
          "http": {
            "method": "GET",
            "requestUri": "/2014-01-01/jobsByPipeline/{PipelineId}"
          },
          "input": {
            "shape": "InputShape"
          },
          "name": "OperationName"
        },
        "params": {
          "PipelineId": "foo"
        },
        "serialized": {
          "body": "",
          "uri": "/2014-01-01/jobsByPipeline/foo",
          "headers": {}
        }
      }
    ]
  },
  {
    "description": "URI parameter only with location name",
    "metadata": {
      "protocol": "rest-json",
      "apiVersion": "2014-01-01"
    },
    "shapes": {
      "InputShape": {
        "type": "structure",
        "members": {
          "Foo": {
            "shape": "StringType",
            "location": "uri",
            "locationName": "PipelineId"
          }
        }
      },
      "StringType": {
        "type": "string"
      }
    },
    "cases": [
      {
        "given": {
          "http": {
            "method": "GET",
            "requestUri": "/2014-01-01/jobsByPipeline/{PipelineId}"
          },
          "input": {
            "shape": "InputShape"
          },
          "name": "OperationName"
        },
        "params": {
          "Foo": "bar"
        },
        "serialized": {
          "body": "",
          "uri": "/2014-01-01/jobsByPipeline/bar",
          "headers": {}
        }
      }
    ]
  },
  {
    "description": "URI parameter and querystring params",
    "metadata": {
      "protocol": "rest-json",
      "apiVersion": "2014-01-01"
    },
    "shapes": {
      "InputShape": {
        "type": "structure",
        "members": {
          "PipelineId": {
            "shape": "StringType",
            "location": "uri",
            "locationName": "PipelineId"
          },
          "Ascending": {
            "shape": "StringType",
            "location": "querystring",
            "locationName": "Ascending"
          },
          "PageToken": {
            "shape": "StringType",
            "location": "querystring",
            "locationName": "PageToken"
          }
        }
      },
      "StringType": {
        "type": "string"
      }
    },
    "cases": [
      {
        "given": {
          "http": {
            "method": "GET",
            "requestUri": "/2014-01-01/jobsByPipeline/{PipelineId}"
          },
          "input": {
            "shape": "InputShape"
          },
          "name": "OperationName"
        },
        "params": {
          "PipelineId": "foo",
          "Ascending": "true",
          "PageToken": "bar"
        },
        "serialized": {
          "body": "",
          "uri": "/2014-01-01/jobsByPipeline/foo?Ascending=true&PageToken=bar",
          "headers": {}
        }
      }
    ]
  },
  {
    "description": "URI parameter, querystring params and JSON body",
    "metadata": {
      "protocol": "rest-json",
      "apiVersion": "2014-01-01"
    },
    "shapes": {
      "InputShape": {
        "type": "structure",
        "members": {
          "PipelineId": {
            "shape": "StringType",
            "location": "uri",
            "locationName": "PipelineId"
          },
          "Ascending": {
            "shape": "StringType",
            "location": "querystring",
            "locationName": "Ascending"
          },
          "PageToken": {
            "shape": "StringType",
            "location": "querystring",
            "locationName": "PageToken"
          },
          "Config": {
            "shape": "StructType"
          }
        }
      },
      "StringType": {
        "type": "string"
      },
      "StructType": {
        "type": "structure",
        "members": {
          "A": {
            "shape": "StringType"
          },
          "B": {
            "shape": "StringType"
          }
        }
      }
    },
    "cases": [
      {
        "given": {
          "http": {
            "method": "GET",
            "requestUri": "/2014-01-01/jobsByPipeline/{PipelineId}"
          },
          "input": {
            "shape": "InputShape"
          },
          "name": "OperationName"
        },
        "params": {
          "PipelineId": "foo",
          "Ascending": "true",
          "PageToken": "bar",
          "Config": {
            "A": "one",
            "B": "two"
          }
        },
        "serialized": {
          "body": "{\"Config\": {\"A\": \"one\", \"B\": \"two\"}}",
          "uri": "/2014-01-01/jobsByPipeline/foo?Ascending=true&PageToken=bar",
          "headers": {}
        }
      }
    ]
  },
  {
    "description": "URI parameter, querystring params, headers and JSON body",
    "metadata": {
      "protocol": "rest-json",
      "apiVersion": "2014-01-01"
    },
    "shapes": {
      "InputShape": {
        "type": "structure",
        "members": {
          "PipelineId": {
            "shape": "StringType",
            "location": "uri",
            "locationName": "PipelineId"
          },
          "Ascending": {
            "shape": "StringType",
            "location": "querystring",
            "locationName": "Ascending"
          },
          "Checksum": {
            "shape": "StringType",
            "location": "header",
            "locationName": "x-amz-checksum"
          },
          "PageToken": {
            "shape": "StringType",
            "location": "querystring",
            "locationName": "PageToken"
          },
          "Config": {
            "shape": "StructType"
          }
        }
      },
      "StringType": {
        "type": "string"
      },
      "StructType": {
        "type": "structure",
        "members": {
          "A": {
            "shape": "StringType"
          },
          "B": {
            "shape": "StringType"
          }
        }
      }
    },
    "cases": [
      {
        "given": {
          "http": {
            "method": "GET",
            "requestUri": "/2014-01-01/jobsByPipeline/{PipelineId}"
          },
          "input": {
            "shape": "InputShape"
          },
          "name": "OperationName"
        },
        "params": {
          "PipelineId": "foo",
          "Ascending": "true",
          "Checksum": "12345",
          "PageToken": "bar",
          "Config": {
            "A": "one",
            "B": "two"
          }
        },
        "serialized": {
          "body": "{\"Config\": {\"A\": \"one\", \"B\": \"two\"}}",
          "uri": "/2014-01-01/jobsByPipeline/foo?Ascending=true&PageToken=bar",
          "headers": {
            "x-amz-checksum": "12345"
          }
        }
      }
    ]
  },
  {
    "description": "Streaming payload",
    "metadata": {
      "protocol": "rest-json",
      "apiVersion": "2014-01-01"
    },
    "shapes": {
      "InputShape": {
        "type": "structure",
        "members": {
          "vaultName": {
            "shape": "StringType",
            "location": "uri",
            "locationName": "vaultName"
          },
          "checksum": {
            "shape": "StringType",
            "location": "header",
            "locationName": "x-amz-sha256-tree-hash"
          },
          "body": {
            "shape": "Stream"
          }
        },
        "required": [
          "vaultName"
        ],
        "payload": "body"
      },
      "StringType": {
        "type": "string"
      },
      "Stream": {
        "type": "blob",
        "streaming": true
      }
    },
    "cases": [
      {
        "given": {
          "http": {
            "method": "GET",
            "requestUri": "/2014-01-01/vaults/{vaultName}/archives"
          },
          "input": {
            "shape": "InputShape"
          },
          "name": "OperationName"
        },
        "params": {
          "vaultName": "name",
          "checksum": "foo",
          "body": "contents"
        },
        "serialized": {
          "body": "contents",
          "uri": "/2014-01-01/vaults/name/archives",
          "headers": {
            "x-amz-sha256-tree-hash": "foo"
          }
        }
      }
    ]
  },
  {
    "description": "Omits null query params, but serializes empty strings",
    "metadata": {
      "protocol": "rest-json",
      "apiVersion": "2014-01-01"
    },
    "shapes": {
      "InputShape": {
        "type": "structure",
        "members": {
          "foo": {
            "location":"querystring",
            "locationName":"param-name",
            "shape": "Foo"
          }
        }
      },
      "Foo": {
        "type": "string"
      }
    },
    "cases": [
      {
        "given": {
          "name": "OperationName",
          "http": {
            "method": "POST",
            "requestUri": "/path"
          },
          "input": { "shape": "InputShape" }
        },
        "params": { "foo": null },
        "serialized": {
          "method": "POST",
          "body": "",
          "uri": "/path"
        }
      },
      {
        "given": {
          "name": "OperationName",
          "http": {
            "method": "POST",
            "requestUri": "/path?abc=mno"
          },
          "input": { "shape": "InputShape" }
        },
        "params": { "foo": "" },
        "serialized": {
          "method": "POST",
          "body": "",
          "uri": "/path?abc=mno&param-name="
        }
      }
    ]
  },
  {
    "description": "Recursive shapes",
    "metadata": {
      "protocol": "rest-json",
      "apiVersion": "2014-01-01"
    },
    "shapes": {
      "InputShape": {
        "type": "structure",
        "members": {
          "RecursiveStruct": {
            "shape": "RecursiveStructType"
          }
        }
      },
      "RecursiveStructType": {
        "type": "structure",
        "members": {
          "NoRecurse": {
            "shape": "StringType"
          },
          "RecursiveStruct": {
            "shape": "RecursiveStructType"
          },
          "RecursiveList": {
            "shape": "RecursiveListType"
          },
          "RecursiveMap": {
            "shape": "RecursiveMapType"
          }
        }
      },
      "RecursiveListType": {
        "type": "list",
        "member": {
          "shape": "RecursiveStructType"
        }
      },
      "RecursiveMapType": {
        "type": "map",
        "key": {
          "shape": "StringType"
        },
        "value": {
          "shape": "RecursiveStructType"
        }
      },
      "StringType": {
        "type": "string"
      }
    },
    "cases": [
      {
        "given": {
          "input": {
            "shape": "InputShape"
          },
          "http": {
            "method": "POST",
            "requestUri": "/path"
          },
          "name": "OperationName"
        },
        "params": {
          "RecursiveStruct": {
            "NoRecurse": "foo"
          }
        },
        "serialized": {
          "uri": "/path" ,
          "headers": {},
          "body": "{\"RecursiveStruct\": {\"NoRecurse\": \"foo\"}}"
        }
      },
      {
        "given": {
          "input": {
            "shape": "InputShape"
          },
          "http": {
            "method": "POST",
            "requestUri": "/path"
          },
          "name": "OperationName"
        },
        "params": {
          "RecursiveStruct": {
            "RecursiveStruct": {
              "NoRecurse": "foo"
            }
          }
        },
        "serialized": {
          "uri": "/path",
          "headers": {},
          "body": "{\"RecursiveStruct\": {\"RecursiveStruct\": {\"NoRecurse\": \"foo\"}}}"
        }
      },
      {
        "given": {
          "input": {
            "shape": "InputShape"
          },
          "http": {
            "method": "POST",
            "requestUri": "/path"
          },
          "name": "OperationName"
        },
        "params": {
          "RecursiveStruct": {
            "RecursiveStruct": {
              "RecursiveStruct": {
                "RecursiveStruct": {
                  "NoRecurse": "foo"
                }
              }
            }
          }
        },
        "serialized": {
          "uri": "/path",
          "headers": {},
          "body": "{\"RecursiveStruct\": {\"RecursiveStruct\": {\"RecursiveStruct\": {\"RecursiveStruct\": {\"NoRecurse\": \"foo\"}}}}}"
        }
      },
      {
        "given": {
          "input": {
            "shape": "InputShape"
          },
          "http": {
            "method": "POST",
            "requestUri": "/path"
          },
          "name": "OperationName"
        },
        "params": {
          "RecursiveStruct": {
            "RecursiveList": [
              {
                "NoRecurse": "foo"
              },
              {
                "NoRecurse": "bar"
              }
            ]
          }
        },
        "serialized": {
          "uri": "/path",
          "headers": {},
          "body": "{\"RecursiveStruct\": {\"RecursiveList\": [{\"NoRecurse\": \"foo\"}, {\"NoRecurse\": \"bar\"}]}}"
        }
      },
      {
        "given": {
          "input": {
            "shape": "InputShape"
          },
          "http": {
            "method": "POST",
            "requestUri": "/path"
          },
          "name": "OperationName"
        },
        "params": {
          "RecursiveStruct": {
            "RecursiveList": [
              {
                "NoRecurse": "foo"
              },
              {
                "RecursiveStruct": {
                  "NoRecurse": "bar"
                }
              }
            ]
          }
        },
        "serialized": {
          "uri": "/path",
          "headers": {},
          "body": "{\"RecursiveStruct\": {\"RecursiveList\": [{\"NoRecurse\": \"foo\"}, {\"RecursiveStruct\": {\"NoRecurse\": \"bar\"}}]}}"
        }
      },
      {
        "given": {
          "input": {
            "shape": "InputShape"
          },
          "http": {
            "method": "POST",
            "requestUri": "/path"
          },
          "name": "OperationName"
        },
        "params": {
          "RecursiveStruct": {
            "RecursiveMap": {
              "foo": {
                "NoRecurse": "foo"
              },
              "bar": {
                "NoRecurse": "bar"
              }
            }
          }
        },
        "serialized": {
          "uri": "/path",
          "headers": {},
          "body": "{\"RecursiveStruct\": {\"RecursiveMap\": {\"foo\": {\"NoRecurse\": \"foo\"}, \"bar\": {\"NoRecurse\": \"bar\"}}}}"
        }
      }
    ]
  },
  {
    "description": "Timestamp values",
    "metadata": {
      "protocol": "rest-json",
      "apiVersion": "2014-01-01"
    },
    "shapes": {
      "InputShape": {
        "type": "structure",
        "members": {
          "TimeArg": {
            "shape": "TimestampType"
          },
          "TimeArgInHeader": {
            "shape": "TimestampType",
            "location": "header",
            "locationName": "x-amz-timearg"
          }
        }
      },
      "TimestampType": {
        "type": "timestamp"
      }
    },
    "cases": [
      {
        "given": {
          "input": {
            "shape": "InputShape"
          },
          "http": {
            "method": "POST",
            "requestUri": "/path"
          },
          "name": "OperationName"
        },
        "params": {
          "TimeArg": 1422172800
        },
        "serialized": {
          "uri": "/path",
          "headers": {},
          "body": "{\"TimeArg\": 1422172800}"
        }
      },
      {
        "given": {
          "input": {
            "shape": "InputShape"
          },
          "http": {
            "method": "POST",
            "requestUri": "/path"
          },
          "name": "OperationName"
        },
        "params": {
          "TimeArgInHeader": 1422172800
        },
        "serialized": {
          "uri": "/path",
          "headers": {"x-amz-timearg": "Sun, 25 Jan 2015 08:00:00 GMT"},
          "body": ""
        }
      }
    ]
  }
]
